title,slug,route,category,version,status,modules,lessons,questions,checklists,cases,zip,index,sourceZip
Astronomia General para Curiosos,astronomia_general_curiosos_v0_6_publica,Contenido Plus,Contenido Plus,v1 curso completo,Curso completo v1,9,9,27,4,3,zips/astronomia_general_curiosos_v0_6_publica.zip,cursos/astronomia_general_curiosos_v0_6_publica/index.html,curso-nuevo
Computacion Cuantica para Curiosos,computacion_cuantica_curiosos_v0_6_publica,Contenido Plus,Contenido Plus,v1 curso completo,Curso completo v1,12,12,36,4,3,zips/computacion_cuantica_curiosos_v0_6_publica.zip,cursos/computacion_cuantica_curiosos_v0_6_publica/index.html,curso-nuevo
Escudo Comercial Digital Argentina,escudo_comercial_web_v0_6_publica,Plantilla y portal,Plantilla,v1 curso completo,Curso completo v1,10,34,30,6,3,zips/escudo_comercial_web_v0_6_publica.zip,cursos/escudo_comercial_web_v0_6_publica/index.html,escudo_comercial_web_v0_6.zip
Alfabetización Digital para Adultos,alfabetizacion_digital_adultos_web_v0_6_publica,Ruta 1 - Ciudadania Digital y Seguridad,Ciudadania digital,v1 curso completo,Curso completo v1,11,44,33,6,3,zips/alfabetizacion_digital_adultos_web_v0_6_publica.zip,cursos/alfabetizacion_digital_adultos_web_v0_6_publica/index.html,alfabetizacion_digital_adultos_web_v0_5.zip
Android Seguro para Principiantes,android_seguro_principiantes_v0_6_publica,Ruta 1 - Ciudadania Digital y Seguridad,Ciudadania digital,v1 curso completo,Curso completo v1,12,46,36,6,3,zips/android_seguro_principiantes_v0_6_publica.zip,cursos/android_seguro_principiantes_v0_6_publica/index.html,curso-nuevo
Ciudadano Digital Argentina,ciudadano_digital_argentina_v0_6_publica,Ruta 1 - Ciudadania Digital y Seguridad,Ciudadania digital,v0.6 publica profesional,Curso bandera v1.0-beta,6,36,30,6,8,zips/ciudadano_digital_argentina_v0_6_publica.zip,cursos/ciudadano_digital_argentina_v0_6_publica/index.html,curso-nuevo
Cuidado Digital para Adultos Mayores y Familias,cuidado_digital_mayores_familias_v0_6_publica,Ruta 1 - Ciudadania Digital y Seguridad,Ciudadania digital,v0.6 publica profesional,Curso bandera v1.0-beta,6,36,30,6,8,zips/cuidado_digital_mayores_familias_v0_6_publica.zip,cursos/cuidado_digital_mayores_familias_v0_6_publica/index.html,curso-nuevo
Finanzas Digitales Seguras Argentina,finanzas_digitales_seguras_web_v0_6_publica,Ruta 1 - Ciudadania Digital y Seguridad,Finanzas digitales,v0.6 publica profesional,Curso bandera v1.0-beta,6,36,30,6,8,zips/finanzas_digitales_seguras_web_v0_6_publica.zip,cursos/finanzas_digitales_seguras_web_v0_6_publica/index.html,finanzas_digitales_seguras_web_v0_5.zip
Primeros Auxilios Digitales,primeros_auxilios_digitales_web_v0_6_publica,Ruta 1 - Ciudadania Digital y Seguridad,Emergencia digital,v0.6 publica profesional,Curso bandera v1.0-beta,6,36,60,6,8,zips/primeros_auxilios_digitales_web_v0_6_publica.zip,cursos/primeros_auxilios_digitales_web_v0_6_publica/index.html,primeros_auxilios_digitales_web_v0_6_publica.zip
Privacidad Digital Ciudadana,privacidad_digital_ciudadana_web_v0_6_publica,Ruta 1 - Ciudadania Digital y Seguridad,Privacidad,v0.6 publica profesional,Curso bandera v1.0-beta,6,36,30,6,8,zips/privacidad_digital_ciudadana_web_v0_6_publica.zip,cursos/privacidad_digital_ciudadana_web_v0_6_publica/index.html,privacidad_digital_ciudadana_web_v0_5.zip
Seguridad Digital Escolar,seguridad_digital_escolar_web_v0_6_publica,Ruta 1 - Ciudadania Digital y Seguridad,Escuela,v0.6 publica profesional,Curso bandera v1.0-beta,6,36,60,6,8,zips/seguridad_digital_escolar_web_v0_6_publica.zip,cursos/seguridad_digital_escolar_web_v0_6_publica/index.html,seguridad_digital_escolar_web_v0_5.zip
Seguridad Digital para Docentes,seguridad_digital_docentes_v0_6_publica,Ruta 1 - Ciudadania Digital y Seguridad,Escuela,v0.6 publica profesional,Curso bandera v1.0-beta,6,36,30,6,8,zips/seguridad_digital_docentes_v0_6_publica.zip,cursos/seguridad_digital_docentes_v0_6_publica/index.html,curso-nuevo
Seguridad Familiar en Internet,seguridad_familiar_internet_v0_6_publica,Ruta 1 - Ciudadania Digital y Seguridad,Familia,v0.6 publica profesional,Curso bandera v1.0-beta,6,36,30,6,8,zips/seguridad_familiar_internet_v0_6_publica.zip,cursos/seguridad_familiar_internet_v0_6_publica/index.html,curso-nuevo
Tramites Digitales Argentina,tramites_digitales_argentina_v0_6_publica,Ruta 1 - Ciudadania Digital y Seguridad,Tramites digitales,v0.6 publica profesional,Curso bandera v1.0-beta,6,36,30,6,8,zips/tramites_digitales_argentina_v0_6_publica.zip,cursos/tramites_digitales_argentina_v0_6_publica/index.html,curso-nuevo
Atencion al Cliente por WhatsApp y Redes,atencion_cliente_whatsapp_redes_v0_6_publica,"Ruta 2 - Trabajo, Productividad e IA",Atencion al cliente,v0.6 publica profesional,Curso bandera v1.0-beta,6,36,30,6,8,zips/atencion_cliente_whatsapp_redes_v0_6_publica.zip,cursos/atencion_cliente_whatsapp_redes_v0_6_publica/index.html,curso-nuevo
Automatizacion con IA para Tareas Repetitivas,automatizacion_ia_tareas_v0_6_publica,"Ruta 2 - Trabajo, Productividad e IA",Trabajo e IA,v0.6 publica profesional,Curso bandera v1.0-beta,6,36,30,6,8,zips/automatizacion_ia_tareas_v0_6_publica.zip,cursos/automatizacion_ia_tareas_v0_6_publica/index.html,curso-nuevo
"CV, LinkedIn y Busqueda Laboral Digital",cv_linkedin_busqueda_laboral_v0_6_publica,"Ruta 2 - Trabajo, Productividad e IA",Trabajo,v0.6 publica profesional,Curso bandera v1.0-beta,6,36,30,6,8,zips/cv_linkedin_busqueda_laboral_v0_6_publica.zip,cursos/cv_linkedin_busqueda_laboral_v0_6_publica/index.html,curso-nuevo
Excel y Google Sheets desde Cero,excel_google_sheets_desde_cero_v0_6_publica,"Ruta 2 - Trabajo, Productividad e IA",Productividad,v0.6 publica profesional,Curso bandera v1.0-beta,6,36,30,6,8,zips/excel_google_sheets_desde_cero_v0_6_publica.zip,cursos/excel_google_sheets_desde_cero_v0_6_publica/index.html,curso-nuevo
Google Workspace para Trabajo y Datos,google_workspace_trabajo_datos_web_v0_6_publica,"Ruta 2 - Trabajo, Productividad e IA",Productividad,v0.6 publica profesional,Curso bandera v1.0-beta,6,36,30,6,8,zips/google_workspace_trabajo_datos_web_v0_6_publica.zip,cursos/google_workspace_trabajo_datos_web_v0_6_publica/index.html,google_workspace_trabajo_datos_web_v0_5.zip
IA Práctica para Trabajadores y Emprendedores,ia_practica_web_v0_6_publica,"Ruta 2 - Trabajo, Productividad e IA",Trabajo e IA,v0.6 publica profesional,Curso bandera v1.0-beta,6,36,30,6,8,zips/ia_practica_web_v0_6_publica.zip,cursos/ia_practica_web_v0_6_publica/index.html,ia_practica_web_v0_6_publica.zip
"Notion, Trello y Organizacion Personal",notion_trello_organizacion_v0_6_publica,"Ruta 2 - Trabajo, Productividad e IA",Productividad,v0.6 publica profesional,Curso bandera v1.0-beta,6,36,30,6,8,zips/notion_trello_organizacion_v0_6_publica.zip,cursos/notion_trello_organizacion_v0_6_publica/index.html,curso-nuevo
Simulador Laboral de Soporte Técnico,soporte_tecnico_web_v0_6_publica,"Ruta 2 - Trabajo, Productividad e IA",Soporte tecnico,v0.6 publica profesional,Curso bandera v1.0-beta,6,36,30,6,8,zips/soporte_tecnico_web_v0_6_publica.zip,cursos/soporte_tecnico_web_v0_6_publica/index.html,soporte_tecnico_web_v0_5.zip
Teletrabajo Seguro y Productivo,teletrabajo_seguro_productivo_v0_6_publica,"Ruta 2 - Trabajo, Productividad e IA",Trabajo,v0.6 publica profesional,Curso bandera v1.0-beta,6,36,30,6,8,zips/teletrabajo_seguro_productivo_v0_6_publica.zip,cursos/teletrabajo_seguro_productivo_v0_6_publica/index.html,curso-nuevo
Analista de Datos Ciudadano,analista_datos_ciudadano_web_v0_6_publica,"Ruta 3 - Datos, BI y Herramientas",Datos,v0.6 publica profesional,Curso bandera v1.0-beta,6,36,30,6,8,zips/analista_datos_ciudadano_web_v0_6_publica.zip,cursos/analista_datos_ciudadano_web_v0_6_publica/index.html,analista_datos_ciudadano_web_v0_5.zip
Calidad de Datos para Principiantes,calidad_datos_principiantes_v0_6_publica,"Ruta 3 - Datos, BI y Herramientas",Datos,v0.6 publica profesional,Curso bandera v1.0-beta,6,36,30,6,8,zips/calidad_datos_principiantes_v0_6_publica.zip,cursos/calidad_datos_principiantes_v0_6_publica/index.html,curso-nuevo
Catálogo de Datos y Alation,catalogo_datos_alation_web_v0_6_publica,"Ruta 3 - Datos, BI y Herramientas",Gobierno de datos,v0.6 publica profesional,Curso bandera v1.0-beta,6,36,30,6,8,zips/catalogo_datos_alation_web_v0_6_publica.zip,cursos/catalogo_datos_alation_web_v0_6_publica/index.html,catalogo_datos_alation_web_v0_5.zip
Estadistica Basica para Decisiones,estadistica_basica_decisiones_v0_6_publica,"Ruta 3 - Datos, BI y Herramientas",Datos,v0.6 publica profesional,Curso bandera v1.0-beta,6,36,30,6,8,zips/estadistica_basica_decisiones_v0_6_publica.zip,cursos/estadistica_basica_decisiones_v0_6_publica/index.html,curso-nuevo
Excel para Analisis de Datos,excel_analisis_datos_v0_6_publica,"Ruta 3 - Datos, BI y Herramientas",Datos,v0.6 publica profesional,Curso bandera v1.0-beta,6,36,30,6,8,zips/excel_analisis_datos_v0_6_publica.zip,cursos/excel_analisis_datos_v0_6_publica/index.html,curso-nuevo
Gobierno de Datos Basico,gobierno_datos_basico_v0_6_publica,"Ruta 3 - Datos, BI y Herramientas",Gobierno de datos,v0.6 publica profesional,Curso bandera v1.0-beta,6,36,30,6,8,zips/gobierno_datos_basico_v0_6_publica.zip,cursos/gobierno_datos_basico_v0_6_publica/index.html,curso-nuevo
Power BI para Principiantes,power_bi_principiantes_web_v0_6_publica,"Ruta 3 - Datos, BI y Herramientas",BI,v0.6 publica profesional,Curso bandera v1.0-beta,6,36,30,6,8,zips/power_bi_principiantes_web_v0_6_publica.zip,cursos/power_bi_principiantes_web_v0_6_publica/index.html,power_bi_principiantes_web_v0_5.zip
Python para Datos desde Cero,python_datos_desde_cero_v0_6_publica,"Ruta 3 - Datos, BI y Herramientas",Datos,v0.6 publica profesional,Curso bandera v1.0-beta,6,36,30,6,8,zips/python_datos_desde_cero_v0_6_publica.zip,cursos/python_datos_desde_cero_v0_6_publica/index.html,curso-nuevo
SQL Práctico para Análisis de Datos,sql_practico_analisis_datos_web_v0_6_publica,"Ruta 3 - Datos, BI y Herramientas",Datos,v0.6 publica profesional,Curso bandera v1.0-beta,6,36,30,6,8,zips/sql_practico_analisis_datos_web_v0_6_publica.zip,cursos/sql_practico_analisis_datos_web_v0_6_publica/index.html,sql_practico_analisis_datos_web_v0_5.zip
Storytelling con Datos,storytelling_datos_v0_6_publica,"Ruta 3 - Datos, BI y Herramientas",Datos,v0.6 publica profesional,Curso bandera v1.0-beta,6,36,30,6,8,zips/storytelling_datos_v0_6_publica.zip,cursos/storytelling_datos_v0_6_publica/index.html,curso-nuevo
Tableau para Visualización de Datos,tableau_visualizacion_datos_web_v0_6_publica,"Ruta 3 - Datos, BI y Herramientas",BI,v0.6 publica profesional,Curso bandera v1.0-beta,6,36,30,6,8,zips/tableau_visualizacion_datos_web_v0_6_publica.zip,cursos/tableau_visualizacion_datos_web_v0_6_publica/index.html,tableau_visualizacion_datos_web_v0_5.zip
"Costos, Precios y Rentabilidad",costos_precios_rentabilidad_v0_6_publica,Ruta 4 - Emprendimiento y Finanzas,Finanzas,v0.6 publica profesional,Curso bandera v1.0-beta,6,36,30,6,8,zips/costos_precios_rentabilidad_v0_6_publica.zip,cursos/costos_precios_rentabilidad_v0_6_publica/index.html,curso-nuevo
Educacion Financiera Basica Argentina,educacion_financiera_basica_argentina_v0_6_publica,Ruta 4 - Emprendimiento y Finanzas,Finanzas,v0.6 publica profesional,Curso bandera v1.0-beta,6,36,30,6,8,zips/educacion_financiera_basica_argentina_v0_6_publica.zip,cursos/educacion_financiera_basica_argentina_v0_6_publica/index.html,curso-nuevo
Emprendimiento Barrial,emprendimiento_barrial_web_v0_6_publica,Ruta 4 - Emprendimiento y Finanzas,Emprendimiento,v0.6 publica profesional,Curso bandera v1.0-beta,6,36,30,6,8,zips/emprendimiento_barrial_web_v0_6_publica.zip,cursos/emprendimiento_barrial_web_v0_6_publica/index.html,emprendimiento_barrial_web_v0_5.zip
Marketing Digital Barrial,marketing_digital_barrial_v0_6_publica,Ruta 4 - Emprendimiento y Finanzas,Emprendimiento,v0.6 publica profesional,Curso bandera v1.0-beta,6,36,30,6,8,zips/marketing_digital_barrial_v0_6_publica.zip,cursos/marketing_digital_barrial_v0_6_publica/index.html,curso-nuevo
Monotributo y Organizacion Administrativa Basica,monotributo_organizacion_administrativa_v0_6_publica,Ruta 4 - Emprendimiento y Finanzas,Administracion,v0.6 publica profesional,Curso bandera v1.0-beta,6,36,30,6,8,zips/monotributo_organizacion_administrativa_v0_6_publica.zip,cursos/monotributo_organizacion_administrativa_v0_6_publica/index.html,curso-nuevo
Tienda Online para Principiantes,tienda_online_principiantes_v0_6_publica,Ruta 4 - Emprendimiento y Finanzas,Emprendimiento,v0.6 publica profesional,Curso bandera v1.0-beta,6,36,30,6,8,zips/tienda_online_principiantes_v0_6_publica.zip,cursos/tienda_online_principiantes_v0_6_publica/index.html,curso-nuevo
WhatsApp Business Avanzado,whatsapp_business_avanzado_v0_6_publica,Ruta 4 - Emprendimiento y Finanzas,Emprendimiento,v0.6 publica profesional,Curso bandera v1.0-beta,6,36,30,6,8,zips/whatsapp_business_avanzado_v0_6_publica.zip,cursos/whatsapp_business_avanzado_v0_6_publica/index.html,curso-nuevo
Accesibilidad Web para Principiantes,accesibilidad_web_principiantes_v0_6_publica,Ruta 5 - Desarrollo Web y Programacion,Desarrollo web,v0.6 publica profesional,Curso bandera v1.0-beta,6,36,30,6,8,zips/accesibilidad_web_principiantes_v0_6_publica.zip,cursos/accesibilidad_web_principiantes_v0_6_publica/index.html,curso-nuevo
APIs para Proyectos Web,apis_para_proyectos_web_v0_6_publica,Ruta 5 - Desarrollo Web y Programacion,Desarrollo web,v0.6 publica profesional,Curso bandera v1.0-beta,6,36,30,6,8,zips/apis_para_proyectos_web_v0_6_publica.zip,cursos/apis_para_proyectos_web_v0_6_publica/index.html,curso-nuevo
CSS Práctico para Principiantes,css_practico_principiantes_web_v0_6_publica,Ruta 5 - Desarrollo Web y Programacion,Desarrollo web,v0.6 publica profesional,Curso bandera v1.0-beta,6,36,30,6,8,zips/css_practico_principiantes_web_v0_6_publica.zip,cursos/css_practico_principiantes_web_v0_6_publica/index.html,css_practico_principiantes_web_v0_5.zip
Git y GitHub para Proyectos Web,git_github_proyectos_web_v0_6_publica,Ruta 5 - Desarrollo Web y Programacion,Desarrollo web,v0.6 publica profesional,Curso bandera v1.0-beta,6,36,30,6,8,zips/git_github_proyectos_web_v0_6_publica.zip,cursos/git_github_proyectos_web_v0_6_publica/index.html,git_github_proyectos_web_v0_5.zip
HTML Práctico para Principiantes,html_practico_principiantes_web_v0_6_publica,Ruta 5 - Desarrollo Web y Programacion,Desarrollo web,v0.6 publica profesional,Curso bandera v1.0-beta,6,36,30,6,8,zips/html_practico_principiantes_web_v0_6_publica.zip,cursos/html_practico_principiantes_web_v0_6_publica/index.html,html_practico_principiantes_web_v0_5.zip
JavaScript desde Cero,javascript_desde_cero_web_v0_6_publica,Ruta 5 - Desarrollo Web y Programacion,Desarrollo web,v0.6 publica profesional,Curso bandera v1.0-beta,6,36,30,6,8,zips/javascript_desde_cero_web_v0_6_publica.zip,cursos/javascript_desde_cero_web_v0_6_publica/index.html,javascript_desde_cero_web_v0_5.zip
Publicación Web para Principiantes,publicacion_web_principiantes_v0_6_publica,Ruta 5 - Desarrollo Web y Programacion,Desarrollo web,v0.6 publica profesional,Curso bandera v1.0-beta,6,36,30,6,8,zips/publicacion_web_principiantes_v0_6_publica.zip,cursos/publicacion_web_principiantes_v0_6_publica/index.html,publicacion_web_principiantes_v0_5.zip
React Basico para Principiantes,react_basico_principiantes_v0_6_publica,Ruta 5 - Desarrollo Web y Programacion,Desarrollo web,v0.6 publica profesional,Curso bandera v1.0-beta,6,36,30,6,8,zips/react_basico_principiantes_v0_6_publica.zip,cursos/react_basico_principiantes_v0_6_publica/index.html,curso-nuevo
UX/UI Basico para Sitios y Apps,ux_ui_basico_sitios_apps_v0_6_publica,Ruta 5 - Desarrollo Web y Programacion,Desarrollo web,v0.8 profunda UX/UI,Curso profundo piloto v0.8,6,36,30,6,8,zips/ux_ui_basico_sitios_apps_v0_6_publica.zip,cursos/ux_ui_basico_sitios_apps_v0_6_publica/index.html,curso-nuevo
